"id","statistic","value","unit","formatted","as_of","topic","confidence","context","primary_source_publisher","primary_source_title","primary_source_url","primary_source_year","sources_json","report_urls","trend_note"
"ai-adoption-hr-orgs","Organizations using AI in HR","43","%","43%","2025","AI in Hiring","verified","Nearly half of organizations now use AI for HR tasks, a sharp acceleration in mainstream adoption.","SHRM","AI in HR (2025 Talent Trends)","https://www.shrm.org/topics-tools/research/2025-talent-trends/ai-in-hr","2025","[{""id"":""shrm-1jkz5"",""publisher"":""SHRM"",""title"":""AI in HR (2025 Talent Trends)"",""url"":""https://www.shrm.org/topics-tools/research/2025-talent-trends/ai-in-hr"",""year"":""2025""}]","https://airecruiter.co/blog/state-of-ai-recruiting-2026
https://airecruiter.co/blog/ta-market-map-2026","Up from 26% in 2024, a 65% year-over-year increase."
"ai-recruiting-support-share","AI-in-HR organizations using it for recruiting","51","%","51%","2025","AI in Hiring","verified","Among organizations that use AI in HR, just over half (51%) apply it to recruiting, the top HR use for AI. This is a conditional share within the 43% that use any AI in HR, not a share of all organizations.","SHRM","AI in HR (2025 Talent Trends)","https://www.shrm.org/topics-tools/research/2025-talent-trends/ai-in-hr","2025","[{""id"":""shrm-1jkz5"",""publisher"":""SHRM"",""title"":""AI in HR (2025 Talent Trends)"",""url"":""https://www.shrm.org/topics-tools/research/2025-talent-trends/ai-in-hr"",""year"":""2025""}]","https://airecruiter.co/blog/state-of-ai-recruiting-2026",""
"recruiters-increasing-ai","Recruiters planning to increase AI use","93","%","93%","2026","AI in Hiring","verified","Nearly all talent acquisition professionals intend to expand their AI usage as hiring pressure intensifies.","HR Dive","Recruiters increasing their AI usage as pressure to hire intensifies","https://www.hrdive.com/news/recruiters-increasing-their-ai-usage-as-pressure-to-hire-intensifies/809051","","[{""id"":""hr-dive-1t2ee"",""publisher"":""HR Dive"",""title"":""Recruiters increasing their AI usage as pressure to hire intensifies"",""url"":""https://www.hrdive.com/news/recruiters-increasing-their-ai-usage-as-pressure-to-hire-intensifies/809051""}]","https://airecruiter.co/blog/state-of-ai-recruiting-2026
https://airecruiter.co/blog/ta-market-map-2026",""
"recruiters-ai-prescreening","Recruiters increasing AI use for pre-screening","66","%","66%","2026","AI in Hiring","verified","Two in three recruiters plan to expand AI in pre-screening interviews specifically, the leading AI use case.","HR Dive","Recruiters increasing their AI usage as pressure to hire intensifies","https://www.hrdive.com/news/recruiters-increasing-their-ai-usage-as-pressure-to-hire-intensifies/809051","","[{""id"":""hr-dive-1t2ee"",""publisher"":""HR Dive"",""title"":""Recruiters increasing their AI usage as pressure to hire intensifies"",""url"":""https://www.hrdive.com/news/recruiters-increasing-their-ai-usage-as-pressure-to-hire-intensifies/809051""}]","https://airecruiter.co/blog/ta-market-map-2026
https://airecruiter.co/blog/state-of-ai-recruiting-2026",""
"talent-leaders-autonomous-agents","Talent leaders adding autonomous AI agents","52","%","52%","2026","AI in Hiring","verified","More than half of talent leaders plan to deploy autonomous AI agents on their teams this year, marking the move from copilots to agents.","Korn Ferry","Korn Ferry","https://www.kornferry.com/about-us/press/korn-ferry-research-unveils-top-talent-acquisition-trends-shaping-2026","","[{""id"":""korn-ferry-jq8ha"",""publisher"":""Korn Ferry"",""title"":""Korn Ferry"",""url"":""https://www.kornferry.com/about-us/press/korn-ferry-research-unveils-top-talent-acquisition-trends-shaping-2026""}]","https://airecruiter.co/blog/state-of-ai-recruiting-2026",""
"genai-workload-reduction","Workload cut for recruiters using GenAI","20","%","20%","2025","AI in Hiring","verified","Recruiters using generative AI report a 20% drop in workload, equivalent to recovering one full workday every week.","LinkedIn (Future of Recruiting 2025)","LinkedIn (Future of Recruiting 2025)","https://www.linkedin.com/business/talent/blog/talent-acquisition/future-of-recruiting-2025","","[{""id"":""linkedin-future-of-recruiting-2025-z3y17"",""publisher"":""LinkedIn (Future of Recruiting 2025)"",""title"":""LinkedIn (Future of Recruiting 2025)"",""url"":""https://www.linkedin.com/business/talent/blog/talent-acquisition/future-of-recruiting-2025""}]","https://airecruiter.co/blog/state-of-ai-recruiting-2026",""
"hiring-assistant-fewer-profiles","Fewer profiles reviewed with LinkedIn Hiring Assistant","81","%","81%","2026","AI in Hiring","verified","Recruiters using LinkedIn's Hiring Assistant review 81% fewer profiles to find a qualified match, showing the screening leverage of agentic tools.","LinkedIn (Talent Solutions)","LinkedIn (Talent Solutions)","https://business.linkedin.com/hire/hiring-assistant","","[{""id"":""linkedin-talent-solutions-23mrg"",""publisher"":""LinkedIn (Talent Solutions)"",""title"":""LinkedIn (Talent Solutions)"",""url"":""https://business.linkedin.com/hire/hiring-assistant""}]","https://airecruiter.co/blog/sourcing-landscape-2026
https://airecruiter.co/blog/ta-market-map-2026","Up from a 62% reduction cited by charter customers at the September 2025 launch."
"top-staffing-firms-ai-likelihood","Top staffing firms vs peers on AI use","4","x","4x","2026","AI in Hiring","verified","The highest-performing staffing firms are four times more likely to leverage AI than their peers, tying AI use to growth.","Bullhorn","Bullhorn GRID Report: Staffing Firms Using AI See Stronger Growth, Faster Placements","https://www.bullhorn.com/news-and-press/press-releases/bullhorn-grid-report-staffing-firms-using-ai-see-stronger-growth-faster-placements","","[{""id"":""bullhorn-i7jig"",""publisher"":""Bullhorn"",""title"":""Bullhorn GRID Report: Staffing Firms Using AI See Stronger Growth, Faster Placements"",""url"":""https://www.bullhorn.com/news-and-press/press-releases/bullhorn-grid-report-staffing-firms-using-ai-see-stronger-growth-faster-placements""}]","https://airecruiter.co/blog/agency-benchmark-q2-2026",""
"high-growth-firms-ai-in-ats","High-growth firms using AI in their ATS","78","%","78%","2025","AI in Hiring","verified","Among staffing firms growing revenue more than 25%, 78% embed AI tools directly in their applicant tracking system.","Bullhorn","Bullhorn GRID Report: Staffing Firms Using AI See Stronger Growth, Faster Placements","https://www.bullhorn.com/news-and-press/press-releases/bullhorn-grid-report-staffing-firms-using-ai-see-stronger-growth-faster-placements","","[{""id"":""bullhorn-i7jig"",""publisher"":""Bullhorn"",""title"":""Bullhorn GRID Report: Staffing Firms Using AI See Stronger Growth, Faster Placements"",""url"":""https://www.bullhorn.com/news-and-press/press-releases/bullhorn-grid-report-staffing-firms-using-ai-see-stronger-growth-faster-placements""}]","https://airecruiter.co/blog/agency-benchmark-q2-2026",""
"agencies-full-workflow-agentic-ai","Agencies with full-workflow agentic AI","10","%","10%","2026","AI in Hiring","verified","Only about one in ten agencies have implemented agentic AI across their entire workflow, signaling early-stage end-to-end automation.","Bullhorn","Bullhorn GRID Report: Staffing Firms Using AI See Stronger Growth, Faster Placements","https://www.bullhorn.com/news-and-press/press-releases/bullhorn-grid-report-staffing-firms-using-ai-see-stronger-growth-faster-placements","","[{""id"":""bullhorn-i7jig"",""publisher"":""Bullhorn"",""title"":""Bullhorn GRID Report: Staffing Firms Using AI See Stronger Growth, Faster Placements"",""url"":""https://www.bullhorn.com/news-and-press/press-releases/bullhorn-grid-report-staffing-firms-using-ai-see-stronger-growth-faster-placements""}]","https://airecruiter.co/blog/agency-benchmark-q2-2026",""
"ai-human-time-to-hire-cut","Time-to-hire cut with AI screen plus human interview","40","%","40%","2026","Hiring Speed","reported","Combining AI screening with human-led final interviews is reported to cut time-to-hire by 40% while improving retention, though the figure lacks a confirmable primary study.","SelectSoftware Reviews","AI Recruiting Statistics","https://www.selectsoftwarereviews.com/blog/ai-recruiting-statistics","","[{""id"":""selectsoftware-reviews-uti7z"",""publisher"":""SelectSoftware Reviews"",""title"":""AI Recruiting Statistics"",""url"":""https://www.selectsoftwarereviews.com/blog/ai-recruiting-statistics""}]","https://airecruiter.co/blog/state-of-ai-recruiting-2026
https://airecruiter.co/blog/ta-market-map-2026",""
"median-time-to-fill","Median time to fill, nonexecutive roles","39","days","39 days","2026","Hiring Speed","verified","SHRM's benchmark for ordinary (nonexecutive) requisitions, the figure most hiring teams actually plan against. Executive roles run longer, at a median of 45 days.","SHRM","2025 Talent Acquisition Benchmarking Report","https://www.shrm.org/topics-tools/research/2025-recruiting-benchmarking","2025","[{""id"":""shrm-17puq"",""publisher"":""SHRM"",""title"":""2025 Talent Acquisition Benchmarking Report"",""url"":""https://www.shrm.org/topics-tools/research/2025-recruiting-benchmarking"",""year"":""2025""}]","https://airecruiter.co/blog/time-to-hire-benchmarks-2026","Down from 44 days in 2025."
"technical-role-time-penalty","Technical roles take longer to fill","15","days","15 days","2026","Hiring Speed","verified","Technical roles take roughly 15 days longer to fill than business roles, a gap teams should budget for in headcount planning.","Ashby","Recruiting Operations Benchmarks: Talent Trends","https://www.ashbyhq.com/talent-trends-report/reports/recruiting-operations-benchmarks-talent-trends","","[{""id"":""ashby-1xx2w"",""publisher"":""Ashby"",""title"":""Recruiting Operations Benchmarks: Talent Trends"",""url"":""https://www.ashbyhq.com/talent-trends-report/reports/recruiting-operations-benchmarks-talent-trends""}]","https://airecruiter.co/blog/time-to-hire-benchmarks-2026",""
"top-firms-placement-under-10-days","Top-growth firms placing in under 10 days","56","%","56%","2026","Hiring Speed","verified","Over half of the fastest-growing staffing firms report average placement times under ten days, linking speed to growth.","Bullhorn","Bullhorn GRID Report: Staffing Firms Using AI See Stronger Growth, Faster Placements","https://www.bullhorn.com/news-and-press/press-releases/bullhorn-grid-report-staffing-firms-using-ai-see-stronger-growth-faster-placements","","[{""id"":""bullhorn-i7jig"",""publisher"":""Bullhorn"",""title"":""Bullhorn GRID Report: Staffing Firms Using AI See Stronger Growth, Faster Placements"",""url"":""https://www.bullhorn.com/news-and-press/press-releases/bullhorn-grid-report-staffing-firms-using-ai-see-stronger-growth-faster-placements""}]","https://airecruiter.co/blog/agency-benchmark-q2-2026",""
"fiverr-active-buyer-decline","Fiverr active buyer base decline","13.6","%","13.6%","2025","Hiring Volume","verified","Fiverr's active buyer base fell 13.6% to 3.1 million, a signal of softening volume on horizontal freelance marketplaces.","Fiverr International Ltd.","Fiverr Announces Fourth Quarter and Full Year 2025 Results","https://www.globenewswire.com/news-release/2026/02/18/3239912/0/en/Fiverr-Announces-Fourth-Quarter-and-Full-Year-2025-Results.html","","[{""id"":""fiverr-international-ltd-skzg0"",""publisher"":""Fiverr International Ltd."",""title"":""Fiverr Announces Fourth Quarter and Full Year 2025 Results"",""url"":""https://www.globenewswire.com/news-release/2026/02/18/3239912/0/en/Fiverr-Announces-Fourth-Quarter-and-Full-Year-2025-Results.html""}]","https://airecruiter.co/blog/talent-marketplaces-forecast-2026","Down from 3.6 million active buyers a year earlier."
"applications-per-hire","Applications per hire","291","","291","Q1 2026","Talent Supply","verified","It now takes roughly 291 applications to make one hire, a flood that reshapes screening economics.","Ashby","2026 Recruiter Productivity Trends Report","https://www.ashbyhq.com/talent-trends-report/reports/2023-recruiter-productivity-trends-report","2026","[{""id"":""ashby-1vx29"",""publisher"":""Ashby"",""title"":""2026 Recruiter Productivity Trends Report"",""url"":""https://www.ashbyhq.com/talent-trends-report/reports/2023-recruiter-productivity-trends-report"",""year"":""2026""}]","https://airecruiter.co/blog/time-to-hire-benchmarks-2026","Tripled from about 100 in early 2021."
"sales-team-turnover","B2B sales annual turnover","35","%","35%","2025","Talent Supply","verified","B2B sales teams churn around 35% of staff a year, keeping sales among the highest-replacement functions to source for.","Optifai","Sales Team Turnover Rate","https://optif.ai/learn/questions/sales-team-turnover-rate","","[{""id"":""optifai-3jd0h"",""publisher"":""Optifai"",""title"":""Sales Team Turnover Rate"",""url"":""https://optif.ai/learn/questions/sales-team-turnover-rate""},{""id"":""xactly-citing-hubspot-139hm"",""publisher"":""Xactly (citing HubSpot)"",""title"":""Xactly (citing HubSpot)"",""url"":""https://www.xactlycorp.com/blog/motivation/sales-turnover-statistics""}]","https://airecruiter.co/blog/time-to-hire-benchmarks-2026",""
"linkedin-applications-per-minute","LinkedIn applications per minute","11000","","11,000","2025","Sourcing Channels","verified","LinkedIn processes about 11,000 job applications every minute, illustrating the AI-driven surge in application volume.","eWeek","AI Job Applications Flood LinkedIn","https://www.eweek.com/news/ai-job-applications-linkedin","","[{""id"":""eweek-k458p"",""publisher"":""eWeek"",""title"":""AI Job Applications Flood LinkedIn"",""url"":""https://www.eweek.com/news/ai-job-applications-linkedin""}]","https://airecruiter.co/blog/time-to-hire-benchmarks-2026","A 45% year-over-year increase as of mid-2025."
"sourcing-top-ai-use-case","Recruiters citing sourcing as top AI use","58","%","58%","2018","Sourcing Channels","reported","In LinkedIn's 2018 global survey, 58% of recruiters using AI named candidate sourcing its single most useful application, ahead of screening and nurturing.","LinkedIn Talent Solutions","Global Recruiting Trends 2018: The 4 Ideas Changing How You Hire","https://news.linkedin.com/2018/1/global-recruiting-trends-2018","2018","[{""id"":""linkedin-global-recruiting-trends-2018"",""publisher"":""LinkedIn Talent Solutions"",""title"":""Global Recruiting Trends 2018: The 4 Ideas Changing How You Hire"",""url"":""https://news.linkedin.com/2018/1/global-recruiting-trends-2018"",""year"":""2018""}]","https://airecruiter.co/blog/sourcing-landscape-2026",""
"worktech-quarterly-acquisitions","Talent-tech acquisitions in Q3 2025","110","","110","Q3 2025","Recruiting Tech Market","verified","The worktech sector recorded 110 acquisitions in Q3 2025, its largest quarterly volume on record amid 90-100 deals per quarter.","Venero Capital","WorkTech Consolidation: Key Insights from HR Tech Jungle 2025","https://www.venerocapitaladvisors.com/news/worktech-consolidation-key-insights-from-hr-tech-jungle-2025","2025","[{""id"":""venero-capital-1ccjd"",""publisher"":""Venero Capital"",""title"":""WorkTech Consolidation: Key Insights from HR Tech Jungle 2025"",""url"":""https://www.venerocapitaladvisors.com/news/worktech-consolidation-key-insights-from-hr-tech-jungle-2025"",""year"":""2025""}]","https://airecruiter.co/blog/ta-market-map-2026
https://airecruiter.co/blog/ats-market-share-2026",""
"workday-paradox-acquisition","Workday acquisition of Paradox","1","$B","$1B","2025","Recruiting Tech Market","verified","Workday closed its roughly $1 billion all-cash acquisition of conversational-AI recruiter Paradox, a marquee consolidation move.","Global Legal Chronicle","Workday Acquires Paradox in $1 Billion Deal","https://globallegalchronicle.com/workday-acquires-paradox-in-1-billion-deal","","[{""id"":""global-legal-chronicle-1fuhn"",""publisher"":""Global Legal Chronicle"",""title"":""Workday Acquires Paradox in $1 Billion Deal"",""url"":""https://globallegalchronicle.com/workday-acquires-paradox-in-1-billion-deal""},{""id"":""workday-1oo4m"",""publisher"":""Workday"",""title"":""Workday"",""url"":""https://newsroom.workday.com/2025-10-01-Workday-Completes-Acquisition-of-Paradox""}]","https://airecruiter.co/blog/state-of-ai-recruiting-2026
https://airecruiter.co/blog/ta-market-map-2026",""
"mercor-valuation","Mercor Series C valuation","10","$B","$10B","2025-10","Recruiting Tech Market","verified","AI talent marketplace Mercor raised a $350M Series C at a $10 billion valuation, a fivefold jump in eight months.","TechCrunch","Mercor quintuples valuation to $10B with $350M Series C","https://techcrunch.com/2025/10/27/mercor-quintuples-valuation-to-10b-with-350m-series-c","","[{""id"":""techcrunch-145zp"",""publisher"":""TechCrunch"",""title"":""Mercor quintuples valuation to $10B with $350M Series C"",""url"":""https://techcrunch.com/2025/10/27/mercor-quintuples-valuation-to-10b-with-350m-series-c""}]","https://airecruiter.co/blog/state-of-ai-recruiting-2026
https://airecruiter.co/blog/agency-benchmark-q2-2026","5x its $2B Series B valuation in February 2025."
"linkedin-agentic-revenue-run-rate","LinkedIn agentic talent products annual sales","450","$M","$450M","2026","Recruiting Tech Market","verified","Microsoft disclosed LinkedIn's agentic Talent Solutions products are on track for about $450M in annual sales, proving real revenue behind recruiting AI.","Microsoft","Microsoft FY26 Third Quarter Earnings Conference Call (transcript)","https://www.microsoft.com/en-us/investor/events/fy-2026/earnings-fy-2026-q3","2026","[{""id"":""microsoft-fy26-q3-earnings-call"",""publisher"":""Microsoft"",""title"":""Microsoft FY26 Third Quarter Earnings Conference Call (transcript)"",""url"":""https://www.microsoft.com/en-us/investor/events/fy-2026/earnings-fy-2026-q3"",""year"":""2026""},{""id"":""reuters-via-investing-com-microsoft-fy20-17ncl"",""publisher"":""Reuters (via Investing.com); Microsoft FY2026 Q3 earnings"",""title"":""Reuters (via Investing.com); Microsoft FY2026 Q3 earnings"",""url"":""https://www.investing.com/news/stock-market-news/linkedins-ai-hiring-agents-on-track-for-450-million-in-yearly-revenue-4647236""}]","https://airecruiter.co/blog/sourcing-landscape-2026",""
"global-staffing-market-size","Global staffing market size","620","$B","$620B","2025","Recruiting Tech Market","modeled","Staffing Industry Analysts sized the global staffing market at roughly $620 billion in 2024 and expects 2025 to come in essentially flat, held back by trade and macroeconomic drag.","Staffing Industry Analysts (SIA)","Staffing Industry Analysts (SIA)","https://www.staffingindustry.com/research/research-reports/americas/global-staffing-market-estimates-forecasts-2025-2030-update","","[{""id"":""staffing-industry-analysts-sia-8uu6n"",""publisher"":""Staffing Industry Analysts (SIA)"",""title"":""Staffing Industry Analysts (SIA)"",""url"":""https://www.staffingindustry.com/research/research-reports/americas/global-staffing-market-estimates-forecasts-2025-2030-update""}]","https://airecruiter.co/blog/agency-benchmark-q2-2026","Essentially flat against 2024, and still below the $648B 2022 peak."
"us-staffing-market-size","US staffing market size","178.7","$B","$178.7B","2025","Recruiting Tech Market","modeled","The US staffing industry generated roughly $178.7 billion in 2025 per SIA's Americas forecast, the largest single-country staffing market.","Staffing Industry Analysts","Forecast Estimates US Staffing Industry's Cumulative Growth by 2030","https://www.staffingindustry.com/news/global-daily-news/forecast-estimates-us-staffing-industrys-cumulative-growth-by-2030","2030","[{""id"":""staffing-industry-analysts-ukhpc"",""publisher"":""Staffing Industry Analysts"",""title"":""Forecast Estimates US Staffing Industry's Cumulative Growth by 2030"",""url"":""https://www.staffingindustry.com/news/global-daily-news/forecast-estimates-us-staffing-industrys-cumulative-growth-by-2030"",""year"":""2030""}]","https://airecruiter.co/blog/agency-benchmark-q2-2026",""
"ats-market-leader-share","ATS market-share leader","11","%","11%","2025","Recruiting Tech Market","verified","The leading applicant tracking system holds only about 11% market share, underscoring a highly fragmented ATS landscape.","iCIMS","Apps Run the World 2025 ATS Market Share","https://www.icims.com/company/newsroom/appsruntheworld2025","2025","[{""id"":""icims-dic44"",""publisher"":""iCIMS"",""title"":""Apps Run the World 2025 ATS Market Share"",""url"":""https://www.icims.com/company/newsroom/appsruntheworld2025"",""year"":""2025""}]","https://airecruiter.co/blog/ats-market-share-2026",""
"ats-satisfaction","Companies satisfied with their ATS","28","%","28%","2025","Recruiting Tech Market","verified","Only 28% of companies are satisfied with their current ATS, with 82% reporting significant gaps and one in four planning to replace it.","Eightfold AI","The ATS Reimagined: New Research on What's Working, What's Not, and What's Next","https://eightfold.ai/learn/the-ats-reimagined-new-research-on-whats-working-whats-not-and-whats-next","","[{""id"":""eightfold-ai-1m8me"",""publisher"":""Eightfold AI"",""title"":""The ATS Reimagined: New Research on What's Working, What's Not, and What's Next"",""url"":""https://eightfold.ai/learn/the-ats-reimagined-new-research-on-whats-working-whats-not-and-whats-next""}]","https://airecruiter.co/blog/ats-market-share-2026",""
"hr-tech-investment","Total HR-tech investment","3.7","$B","$3.7B","2025","Recruiting Tech Market","modeled","HR technology investment totaled roughly $3.7 billion in 2025 by one tracker, though estimates diverge sharply on direction.","HRO Today (HR Tech Report)","HRO Today (HR Tech Report)","https://www.hrotoday.com/category/market-intelligence/research/hr-tech-report","","[{""id"":""hro-today-hr-tech-report-10x9g"",""publisher"":""HRO Today (HR Tech Report)"",""title"":""HRO Today (HR Tech Report)"",""url"":""https://www.hrotoday.com/category/market-intelligence/research/hr-tech-report""}]","https://airecruiter.co/blog/ta-market-map-2026","Reported down 40% YoY by HRO Today, while other trackers show work-tech investment rising."
"findem-funding","Findem Series C plus growth raise","51","$M","$51M","2025-10","Recruiting Tech Market","verified","Talent-data platform Findem closed $51M to expand its attribute-labeled talent dataset, a marker of investment flowing into AI sourcing.","Findem","Findem Series C Funding","https://www.findem.ai/news/findem-series-c-funding","","[{""id"":""findem-123ih"",""publisher"":""Findem"",""title"":""Findem Series C Funding"",""url"":""https://www.findem.ai/news/findem-series-c-funding""}]","https://airecruiter.co/blog/sourcing-landscape-2026",""
"ashby-series-d","Ashby Series D","50","$M","$50M","2025-07","Recruiting Tech Market","verified","ATS challenger Ashby raised a $50M Series D at roughly twice its prior valuation, capital fueling next-gen recruiting platforms.","Ashby","Ashby Series D","https://www.ashbyhq.com/blog/culture/series-d","","[{""id"":""ashby-vkxwh"",""publisher"":""Ashby"",""title"":""Ashby Series D"",""url"":""https://www.ashbyhq.com/blog/culture/series-d""}]","https://airecruiter.co/blog/ats-market-share-2026",""
"deel-valuation","Deel Series E valuation","17.3","$B","$17.3B","2025-10","Contingent Talent","verified","Global contractor and payroll platform Deel raised a $300M Series E at a $17.3 billion valuation, having surpassed $1B in revenue run rate.","TechCrunch","Deel Hits $17.3B Valuation After Raising $300M from Big-Name VCs","https://techcrunch.com/2025/10/16/deel-hits-17-3b-valuation-after-raising-300m-from-big-name-vcs","","[{""id"":""techcrunch-js49c"",""publisher"":""TechCrunch"",""title"":""Deel Hits $17.3B Valuation After Raising $300M from Big-Name VCs"",""url"":""https://techcrunch.com/2025/10/16/deel-hits-17-3b-valuation-after-raising-300m-from-big-name-vcs""}]","https://airecruiter.co/blog/agency-benchmark-q2-2026
https://airecruiter.co/blog/talent-marketplaces-forecast-2026",""
"companies-using-freelancers","Companies using freelancers or contractors","76","%","76%","2025","Contingent Talent","reported","Roughly 76% of companies now use freelancers or contractors to build more adaptable teams, though the figure lacks a traceable primary survey.","Staffing Management Group","Staffing Management Group","https://www.staffingmanagementgroup.com/the-2025-staffing-outlook-where-the-industry-is-headed-next","","[{""id"":""staffing-management-group-7b7d9"",""publisher"":""Staffing Management Group"",""title"":""Staffing Management Group"",""url"":""https://www.staffingmanagementgroup.com/the-2025-staffing-outlook-where-the-industry-is-headed-next""}]","https://airecruiter.co/blog/agency-benchmark-q2-2026",""
"upwork-annual-revenue","Upwork annual revenue","787.8","$M","$787.8M","2025","Contingent Talent","verified","Upwork booked a record $787.8 million in full-year 2025 revenue, the high-water mark for the largest freelance marketplace.","U.S. SEC (Upwork Form 8-K)","U.S. SEC (Upwork Form 8-K)","https://www.sec.gov/Archives/edgar/data/0001627475/000162747526000005/exhibit991-upwork4q25andfu.htm","","[{""id"":""u-s-sec-upwork-form-8-k-gwq6x"",""publisher"":""U.S. SEC (Upwork Form 8-K)"",""title"":""U.S. SEC (Upwork Form 8-K)"",""url"":""https://www.sec.gov/Archives/edgar/data/0001627475/000162747526000005/exhibit991-upwork4q25andfu.htm""}]","https://airecruiter.co/blog/talent-marketplaces-forecast-2026",""
"data-interviews-per-hire","Interviews per hire for data roles","19.5","","19.5","2026","Assessment & Interview","verified","Data roles average 19.5 interviews per hire, the most of any function, versus just 9.5 for customer support, the lowest.","Ashby","2026 Recruiter Productivity Trends Report","https://www.ashbyhq.com/talent-trends-report/reports/2023-recruiter-productivity-trends-report","2026","[{""id"":""ashby-1vx29"",""publisher"":""Ashby"",""title"":""2026 Recruiter Productivity Trends Report"",""url"":""https://www.ashbyhq.com/talent-trends-report/reports/2023-recruiter-productivity-trends-report"",""year"":""2026""}]","https://airecruiter.co/blog/time-to-hire-benchmarks-2026",""
"ai-human-retention-lift","Retention lift with AI screen plus human interview","25","%","25%","2026","Assessment & Interview","reported","The combined AI-screening-plus-human-interview model is reported to lift first-year retention by 25%, a figure widely cited but lacking primary research.","SelectSoftware Reviews","AI Recruiting Statistics","https://www.selectsoftwarereviews.com/blog/ai-recruiting-statistics","","[{""id"":""selectsoftware-reviews-uti7z"",""publisher"":""SelectSoftware Reviews"",""title"":""AI Recruiting Statistics"",""url"":""https://www.selectsoftwarereviews.com/blog/ai-recruiting-statistics""}]","https://airecruiter.co/blog/state-of-ai-recruiting-2026",""
"skills-based-hiring-priority","Recruiters expecting skills-based hiring to be a priority","75","%","75%","2025","Skills & Mobility","reported","Three in four talent professionals expect skills-based hiring to be a priority for their organization over the next 18 months, a clear signal of the shift away from credential-led selection.","LinkedIn (Future of Recruiting)","LinkedIn (Future of Recruiting)","https://business.linkedin.com/talent-solutions/resources/future-of-recruiting","","[{""id"":""linkedin-future-of-recruiting-1ihw1"",""publisher"":""LinkedIn (Future of Recruiting)"",""title"":""LinkedIn (Future of Recruiting)"",""url"":""https://business.linkedin.com/talent-solutions/resources/future-of-recruiting""}]","https://airecruiter.co/blog/ta-market-map-2026",""
"gm-screening-efficiency","GM screening efficiency gain with AI","72","%","72%","2025","Skills & Mobility","modeled","General Motors reported a 72% increase in screening efficiency using HiredScore AI, a flagship enterprise outcome for AI-assisted selection.","Workday (HiredScore customer story)","Workday (HiredScore customer story)","https://www.workday.com/en-us/customer-stories/a-h/automotive-company-zero-emissions-talent-pipeline.html","","[{""id"":""workday-hiredscore-customer-story-19pcq"",""publisher"":""Workday (HiredScore customer story)"",""title"":""Workday (HiredScore customer story)"",""url"":""https://www.workday.com/en-us/customer-stories/a-h/automotive-company-zero-emissions-talent-pipeline.html""}]","https://airecruiter.co/blog/ats-market-share-2026",""
"fake-candidate-profiles","Candidate profiles projected to be fake","25","%","25%","2028 (projected)","Candidate Trust","modeled","Gartner projects that by 2028 one in four candidate profiles worldwide will be fake, a looming verification challenge for hiring teams.","Gartner","Gartner","https://www.gartner.com/en/newsroom/press-releases/2025-07-31-gartner-survey-shows-just-26-percent-of-job-applicants-trust-ai-will-fairly-evaluate-them","","[{""id"":""gartner-9o5le"",""publisher"":""Gartner"",""title"":""Gartner"",""url"":""https://www.gartner.com/en/newsroom/press-releases/2025-07-31-gartner-survey-shows-just-26-percent-of-job-applicants-trust-ai-will-fairly-evaluate-them""}]","https://airecruiter.co/blog/state-of-ai-recruiting-2026",""
"candidates-abandon-ai-interview","Candidates abandoning an AI interview process","38","%","38%","2026","Candidate Trust","verified","38% of candidates have walked away from a hiring process because it included an AI interview, with another 12% saying they would.","Greenhouse","63% of Job Seekers Have Faced an AI Interview, Most Haven't Had a Good One Yet","https://www.greenhouse.com/newsroom/63-of-job-seekers-have-faced-an-ai-interview-most-havent-had-a-good-one-yet","","[{""id"":""greenhouse-txr7j"",""publisher"":""Greenhouse"",""title"":""63% of Job Seekers Have Faced an AI Interview, Most Haven't Had a Good One Yet"",""url"":""https://www.greenhouse.com/newsroom/63-of-job-seekers-have-faced-an-ai-interview-most-havent-had-a-good-one-yet""}]","https://airecruiter.co/blog/time-to-hire-benchmarks-2026",""
"orgs-not-measuring-ai-roi","Organizations not measuring AI ROI","56","%","56%","2026","People Analytics","verified","Over half of organizations do not formally measure the success of their AI investments at all, a major governance and ROI gap.","SHRM","State of AI in HR 2026: Full Report","https://www.shrm.org/topics-tools/research/state-of-ai-hr-2026/full-report","2026","[{""id"":""shrm-1trkn"",""publisher"":""SHRM"",""title"":""State of AI in HR 2026: Full Report"",""url"":""https://www.shrm.org/topics-tools/research/state-of-ai-hr-2026/full-report"",""year"":""2026""}]","https://airecruiter.co/blog/state-of-ai-recruiting-2026",""
"hires-per-recruiter-quarter","Hires per recruiter per quarter","7.3","","7.3","Q1 2026","People Analytics","verified","Recruiter productivity recovered to about 7.3 hires per quarter, rebounding from a trough of 4.5 in early 2023.","Ashby","2026 Recruiter Productivity Trends Report","https://www.ashbyhq.com/talent-trends-report/reports/2023-recruiter-productivity-trends-report","2026","[{""id"":""ashby-1vx29"",""publisher"":""Ashby"",""title"":""2026 Recruiter Productivity Trends Report"",""url"":""https://www.ashbyhq.com/talent-trends-report/reports/2023-recruiter-productivity-trends-report"",""year"":""2026""}]","https://airecruiter.co/blog/time-to-hire-benchmarks-2026","Up from a 4.5 trough in early 2023."
"recruiter-call-time","Recruiter call time per week","286","","286","Q1 2026","People Analytics","verified","Recruiter call time hit 286 minutes per week, the highest on record and double the level of early 2024, a sign of high-touch hiring effort.","American Staffing Association","Staffing Productivity Report","https://americanstaffing.net/posts/2026/06/04/staffing-productivity-report","","[{""id"":""american-staffing-association-18wdr"",""publisher"":""American Staffing Association"",""title"":""Staffing Productivity Report"",""url"":""https://americanstaffing.net/posts/2026/06/04/staffing-productivity-report""}]","https://airecruiter.co/blog/agency-benchmark-q2-2026","Doubled since Q1 2024."
"highly-ai-exposed-entry-level-postings-d","Highly AI-exposed entry-level postings decline","40","%","40%","Jan 2023-Aug 2025","Hiring Volume","reported","The most-cited number in the 2026 entry-level debate, showing the slowdown was concentrated where AI can do the work.","Revelio Labs","Is AI Responsible for the Rise in Entry-Level Unemployment?","https://www.reveliolabs.com/news/macro/is-ai-responsible-for-the-rise-in-entry-level-unemployment","2025","[{""id"":""revelio-labs-cjk2q"",""publisher"":""Revelio Labs"",""title"":""Is AI Responsible for the Rise in Entry-Level Unemployment?"",""url"":""https://www.reveliolabs.com/news/macro/is-ai-responsible-for-the-rise-in-entry-level-unemployment"",""year"":""2025""}]","https://airecruiter.co/blog/entry-level-hiring-collapse-ai-2026","vs a 33% decline for low-exposed entry-level roles"
"entry-level-demand-drop-per-10pt-rise-in","Entry-level demand drop per 10pt rise in AI exposure","11","%","11%","Jan 2023-Aug 2025","AI in Hiring","reported","Revelio's controlled regression isolates the exposure effect at the entry level, holding industry and time trend constant.","Revelio Labs","Is AI Responsible for the Rise in Entry-Level Unemployment?","https://www.reveliolabs.com/news/macro/is-ai-responsible-for-the-rise-in-entry-level-unemployment","2025","[{""id"":""revelio-labs-cjk2q"",""publisher"":""Revelio Labs"",""title"":""Is AI Responsible for the Rise in Entry-Level Unemployment?"",""url"":""https://www.reveliolabs.com/news/macro/is-ai-responsible-for-the-rise-in-entry-level-unemployment"",""year"":""2025""}]","https://airecruiter.co/blog/entry-level-hiring-collapse-ai-2026","vs a 7% increase in non-entry-level demand for the same exposure rise"
"relative-employment-decline-for-ai-expos","Relative employment decline for AI-exposed workers 22-25","16","%","16%","2025","Talent Supply","reported","Stanford's ADP payroll analysis shows the youngest cohort in the most AI-exposed occupations fell relative to older colleagues in identical roles.","Stanford Digital Economy Lab","Canaries in the Coal Mine: Six Facts About the Recent Employment Effects of Artificial Intelligence","https://digitaleconomy.stanford.edu/publication/canaries-in-the-coal-mine-six-facts-about-the-recent-employment-effects-of-artificial-intelligence","2025","[{""id"":""stanford-digital-economy-lab-1r8jb"",""publisher"":""Stanford Digital Economy Lab"",""title"":""Canaries in the Coal Mine: Six Facts About the Recent Employment Effects of Artificial Intelligence"",""url"":""https://digitaleconomy.stanford.edu/publication/canaries-in-the-coal-mine-six-facts-about-the-recent-employment-effects-of-artificial-intelligence"",""year"":""2025""}]","https://airecruiter.co/blog/entry-level-hiring-collapse-ai-2026","as low as 13% in some specifications; older workers in same occupations stable or growing"
"recent-college-grad-unemployment-vs-4-4-","Recent college grad unemployment vs 4.4% overall","5.5","%","5.5%","March 2026","Talent Supply","reported","The historical college advantage has reversed: recent grads now carry higher unemployment than the broader workforce.","SHRM","Labor Force Snapshot: Recent College Graduates in the US Labor Force","https://www.shrm.org/topics-tools/research/labor-force-snapshot-recent-college-graduates-us-labor-force","2026","[{""id"":""shrm-1l12y"",""publisher"":""SHRM"",""title"":""Labor Force Snapshot: Recent College Graduates in the US Labor Force"",""url"":""https://www.shrm.org/topics-tools/research/labor-force-snapshot-recent-college-graduates-us-labor-force"",""year"":""2026""}]","https://airecruiter.co/blog/entry-level-hiring-collapse-ai-2026","a 1.1-point gap above the 4.4% overall rate"
"computer-science-recent-grad-unemploymen","Computer science recent-grad unemployment rate","7","%","7%","2026","Talent Supply","reported","Among the highest of any field, yet CS grads land degree-appropriate roles far more reliably (underemployment near 19%).","Federal Reserve Bank of New York","The Labor Market for Recent College Graduates","https://www.newyorkfed.org/research/college-labor-market","2026","[{""id"":""vnexpress-ny-fed-data-xzq8q"",""publisher"":""Federal Reserve Bank of New York"",""title"":""The Labor Market for Recent College Graduates"",""url"":""https://www.newyorkfed.org/research/college-labor-market"",""year"":""2026""}]","https://airecruiter.co/blog/entry-level-hiring-collapse-ai-2026","underemployment near 19% vs 41.5% overall recent-grad figure"
"applications-per-tech-internship-posting","Applications per tech internship posting, 2024-25 cycle","273","","273","2025","Talent Supply","reported","A measure of funnel congestion pushing employers toward automated screening at the first cut.","CNBC","Applying for Internships Is Nearly Twice as Competitive as Last Year, Says New Report","https://www.cnbc.com/2025/02/21/applying-for-internships-is-nearly-twice-as-competitive-as-last-year-says-new-report.html","2025","[{""id"":""cnbc-8v3ra"",""publisher"":""CNBC"",""title"":""Applying for Internships Is Nearly Twice as Competitive as Last Year, Says New Report"",""url"":""https://www.cnbc.com/2025/02/21/applying-for-internships-is-nearly-twice-as-competitive-as-last-year-says-new-report.html"",""year"":""2025""}]","https://airecruiter.co/blog/entry-level-hiring-collapse-ai-2026",""
"projected-starting-salary-rise-for-compu","Projected starting-salary rise for computer science grads","6.9","%","6.9%","2026 (projected)","Talent Supply","modeled","Rising pay for fewer seats is the wage-side fingerprint of a quality shift, not a demand collapse.","NACE","Class of 2026 Salary Projections Are Promising","https://www.naceweb.org/job-market/compensation/class-of-2026-salary-projections-are-promising","2026","[{""id"":""nace-i0sw2"",""publisher"":""NACE"",""title"":""Class of 2026 Salary Projections Are Promising"",""url"":""https://www.naceweb.org/job-market/compensation/class-of-2026-salary-projections-are-promising"",""year"":""2026""}]","https://airecruiter.co/blog/entry-level-hiring-collapse-ai-2026","from +3.1% for engineering; social sciences the only decline at -1.7%"
"grads-22-27-share-of-unemployment-rise-s","Grads 22-27 share of unemployment rise since mid-2023","12","%","12%","mid-2023 to 2026","Talent Supply","reported","Bachelor's grads aged 22-27 are only ~5% of the workforce but contributed a disproportionate share of the unemployment rise.","CBS News","Rising number of college grads are unemployed, new research shows","https://www.cbsnews.com/news/college-graduate-unemployed-technology-artificial-intelligence/","2025","[{""id"":""fortune-7qkhq"",""publisher"":""CBS News"",""title"":""Rising number of college grads are unemployed, new research shows"",""url"":""https://www.cbsnews.com/news/college-graduate-unemployed-technology-artificial-intelligence/"",""year"":""2025""}]","https://airecruiter.co/blog/entry-level-hiring-collapse-ai-2026","while making up only about 5% of the total workforce"
"remote-work-share-of-young-grad-unemploy","Remote work share of young-grad unemployment rise","64","%","64%","2026","Talent Supply","reported","A separate non-AI channel that shrinks the residual available for AI to explain in the youth-unemployment rise.","CNBC","Remote Work, Youth Unemployment, New York Fed","https://www.cnbc.com/2026/06/01/remote-work-youth-unemployment-new-york-fed.html","2026","[{""id"":""cnbc-dmajc"",""publisher"":""CNBC"",""title"":""Remote Work, Youth Unemployment, New York Fed"",""url"":""https://www.cnbc.com/2026/06/01/remote-work-youth-unemployment-new-york-fed.html"",""year"":""2026""}]","https://airecruiter.co/blog/entry-level-hiring-collapse-ai-2026",""
"us-layoffs-in-2025-citing-ai-as-a-factor","US layoffs in 2025 citing AI as a factor","55000","","55,000","2025","Hiring Volume","reported","Small against total annual separations in the millions, supporting skeptics on raw layoffs; the mechanism works through frozen hiring not firing.","CNBC","AI Job Cuts: Amazon, Microsoft and More Cite AI for 2025 Layoffs","https://www.cnbc.com/2025/12/21/ai-job-cuts-amazon-microsoft-and-more-cite-ai-for-2025-layoffs.html","2025","[{""id"":""cnbc-36g21"",""publisher"":""CNBC"",""title"":""AI Job Cuts: Amazon, Microsoft and More Cite AI for 2025 Layoffs"",""url"":""https://www.cnbc.com/2025/12/21/ai-job-cuts-amazon-microsoft-and-more-cite-ai-for-2025-layoffs.html"",""year"":""2025""}]","https://airecruiter.co/blog/entry-level-hiring-collapse-ai-2026","attribution contested and self-serving"
"new-grad-share-of-big-tech-new-hires","New-grad share of Big Tech new hires","7","%","7%","2024","Hiring Volume","reported","Down about 25% from 2023 and more than 50% below the pre-pandemic 2019 level of roughly 15%.","SignalFire","SignalFire State of Talent Report 2025","https://www.signalfire.com/blog/signalfire-state-of-talent-report-2025","2025","[{""id"":""signalfire-1kz5a"",""publisher"":""SignalFire"",""title"":""SignalFire State of Talent Report 2025"",""url"":""https://www.signalfire.com/blog/signalfire-state-of-talent-report-2025"",""year"":""2025""}]","https://airecruiter.co/blog/entry-level-hiring-collapse-ai-2026","down from roughly 15% in 2019 and 9% in 2023"
"ai-and-machine-learning-hiring-growth-ye","AI and machine-learning hiring growth year over year","88","%","88%","2025","Hiring Volume","reported","Demand did not vanish so much as reallocate up the skill curve, even as overall entry-level tech hiring fell sharply.","Ravio","AI compensation and talent trends 2026","https://ravio.com/blog/ai-compensation-and-talent-trends","2026","[{""id"":""ravio-comp-trends-2026"",""publisher"":""Ravio"",""title"":""AI compensation and talent trends 2026"",""url"":""https://ravio.com/blog/ai-compensation-and-talent-trends"",""year"":""2026""}]","https://airecruiter.co/blog/entry-level-hiring-collapse-ai-2026",""
"ai-related-share-of-us-job-postings","AI-related share of US job postings","6.3","%","6.3%","August 2026","AI in Hiring","reported","Well past the prior 3.3% peak in 2022, showing AI-building work climbing as entry-level demand falls.","Indeed Hiring Lab","US Labor Market Snapshot August 2026","https://hiringlab.indeed.com/2026/08/24/us-labor-market-snapshot-august-2026/","2026","[{""id"":""indeed-hiring-lab-1xwku"",""publisher"":""Indeed Hiring Lab"",""title"":""US Labor Market Snapshot August 2026"",""url"":""https://hiringlab.indeed.com/2026/08/24/us-labor-market-snapshot-august-2026/"",""year"":""2026""}]","https://airecruiter.co/blog/entry-level-hiring-collapse-ai-2026","up from the prior 3.3% peak in 2022"
"entry-level-jobs-now-requiring-ai-skills","Entry-level jobs now requiring AI skills","35","%","35%","2026","AI in Hiring","reported","The AI-fluency requirement is the clearest fingerprint of the entry-level role being redesigned around capability.","CNBC Select","Class of 2026: Hiring Stats and AI Trends","https://www.cnbc.com/select/class-of-2026-hiring-stats-and-ai-trends","2026","[{""id"":""cnbc-select-1qhl4"",""publisher"":""CNBC Select"",""title"":""Class of 2026: Hiring Stats and AI Trends"",""url"":""https://www.cnbc.com/select/class-of-2026-hiring-stats-and-ai-trends"",""year"":""2026""}]","https://airecruiter.co/blog/entry-level-hiring-collapse-ai-2026",""
"salary-premium-for-postings-requiring-ai","Salary premium for postings requiring AI skills","28","%","28%","2025","Skills & Mobility","reported","About $18,000; AI skills now appear in ~2.5% of US postings, up 55% year over year and 297% over a decade.","Lightcast","Beyond the Buzz (Press Release, 2025-07-23)","https://lightcast.io/resources/blog/beyond-the-buzz-press-release-2025-07-23","2025","[{""id"":""lightcast-1f1ve"",""publisher"":""Lightcast"",""title"":""Beyond the Buzz (Press Release, 2025-07-23)"",""url"":""https://lightcast.io/resources/blog/beyond-the-buzz-press-release-2025-07-23"",""year"":""2025""}]","https://airecruiter.co/blog/entry-level-hiring-collapse-ai-2026","AI-skill mentions up 55% year over year and 297% over a decade"
"entry-level-software-it-postings-requiri","US tech postings requiring 5+ years of experience","42","%","42%","2025","Talent Supply","reported","The rising experience bar makes 'entry-level' a misnomer and pushes the genuine entry point off the formal ladder.","Indeed Hiring Lab","Experience Requirements Have Tightened Amid the Tech Hiring Freeze","https://www.hiringlab.org/2025/07/30/experience-requirements-have-tightened-amid-the-tech-hiring-freeze/","2025","[{""id"":""indeed-hiring-lab-exp-2025"",""publisher"":""Indeed Hiring Lab"",""title"":""Experience Requirements Have Tightened Amid the Tech Hiring Freeze"",""url"":""https://www.hiringlab.org/2025/07/30/experience-requirements-have-tightened-amid-the-tech-hiring-freeze/"",""year"":""2025""}]","https://airecruiter.co/blog/entry-level-hiring-collapse-ai-2026","Up from 37% in Q2 2022; share open to 2-4 years fell from 46% to 40%."
"projected-rise-in-class-of-2026-new-grad","Projected rise in Class-of-2026 new-grad hiring","5.6","%","5.6%","2026 (projected)","Hiring Volume","modeled","A sharp intentions upgrade from +1.6% projected the previous fall, concentrated in large AI-exposed firms.","NACE","Employers Expect to Hire 5.6 Percent More New College Graduates This Year","https://www.naceweb.org/talent-acquisition/trends-and-predictions/employers-expect-to-hire-5-point-6-percent-more-new-college-graduates-this-year","2026","[{""id"":""nace-rvz5b"",""publisher"":""NACE"",""title"":""Employers Expect to Hire 5.6 Percent More New College Graduates This Year"",""url"":""https://www.naceweb.org/talent-acquisition/trends-and-predictions/employers-expect-to-hire-5-point-6-percent-more-new-college-graduates-this-year"",""year"":""2026""}]","https://airecruiter.co/blog/entry-level-hiring-collapse-ai-2026","up from +1.6% projected the previous fall"
"hiring-managers-preferring-ai-tools-over","Hiring managers preferring AI tools over training a 2026 grad","48","%","48%","2026","AI in Hiring","reported","A vendor survey of a self-selected panel: read as expressed attitude, not measured hiring behavior.","PR Newswire","ResumeTemplates.com Survey: Nearly Half of Hiring Managers Will Train AI Instead of Hiring 2026 Grads","https://www.prnewswire.com/news-releases/resumetemplatescom-survey-nearly-half-of-hiring-managers-will-train-ai-instead-of-hiring-2026-college-grads-302790839.html","2026","[{""id"":""pr-newswire-1s26s"",""publisher"":""PR Newswire"",""title"":""ResumeTemplates.com Survey: Nearly Half of Hiring Managers Will Train AI Instead of Hiring 2026 Grads"",""url"":""https://www.prnewswire.com/news-releases/resumetemplatescom-survey-nearly-half-of-hiring-managers-will-train-ai-instead-of-hiring-2026-college-grads-302790839.html"",""year"":""2026""}]","https://airecruiter.co/blog/entry-level-hiring-collapse-ai-2026","45% restructuring so one senior with AI does the work of multiple juniors"
"coding-share-of-claude-ai-conversations-","Coding share of Claude.ai conversations (top 10 tasks)","24","%","24%","November 2025","AI in Hiring","reported","Anthropic's own usage data (a single-vendor self-report) shows AI concentrated in exactly the routine grunt-work that made up the junior task bundle.","Anthropic","Anthropic Economic Index January 2026 Report","https://www.anthropic.com/research/anthropic-economic-index-january-2026-report","2026","[{""id"":""anthropic-12wh2"",""publisher"":""Anthropic"",""title"":""Anthropic Economic Index January 2026 Report"",""url"":""https://www.anthropic.com/research/anthropic-economic-index-january-2026-report"",""year"":""2026""}]","https://airecruiter.co/blog/entry-level-hiring-collapse-ai-2026","'Modifying software to correct errors' alone is ~10% of enterprise API usage."
"rejected-applications-in-the-workday-col","Rejected applications in the Workday collective","1.1","B","1.1B","2025 court filings","Candidate Trust","reported","The universe of rejections Workday represented to the court defines the scale of the nationwide collective, an order of magnitude no single-employer case has approached.","Proskauer (Law and the Workplace)","AI Bias Lawsuit Against Workday Reaches Next Stage as Court Grants Conditional Certification of ADEA Claim","https://www.lawandtheworkplace.com/2025/06/ai-bias-lawsuit-against-workday-reaches-next-stage-as-court-grants-conditional-certification-of-adea-claim","2025","[{""id"":""proskauer-law-and-the-workplace-1gaab"",""publisher"":""Proskauer (Law and the Workplace)"",""title"":""AI Bias Lawsuit Against Workday Reaches Next Stage as Court Grants Conditional Certification of ADEA Claim"",""url"":""https://www.lawandtheworkplace.com/2025/06/ai-bias-lawsuit-against-workday-reaches-next-stage-as-court-grants-conditional-certification-of-adea-claim"",""year"":""2025""}]","https://airecruiter.co/blog/ai-hiring-liability-mobley-workday-2026","an order of magnitude no single-employer case has ever approached"
"ai-in-recruitment-market-size","AI-in-HR market size","5","$B","$5B","2025","Recruiting Tech Market","modeled","Grand View Research's sizing of the broader AI-in-HR market on its path to $15.24B by 2030, the scale that makes vendor liability a systemic rather than isolated concern.","Grand View Research","Artificial Intelligence In HR Market Size & Share Report, 2030","https://www.grandviewresearch.com/industry-analysis/artificial-intelligence-hr-market-report","","[{""id"":""grand-view-research-ai-hr"",""publisher"":""Grand View Research"",""title"":""Artificial Intelligence In HR Market Size & Share Report, 2030"",""url"":""https://www.grandviewresearch.com/industry-analysis/artificial-intelligence-hr-market-report""}]","https://airecruiter.co/blog/ai-hiring-liability-mobley-workday-2026","on a 24.8% CAGR from a 2023 base of $3.25B to $15.24B by 2030"
"ai-in-recruitment-market-cagr-to-2030","AI-in-HR market CAGR to 2030","24.8","%","24.8%","2024-2030 (projected)","Recruiting Tech Market","modeled","Grand View Research's headline 24.8% CAGR for the broader AI-in-HR market through 2030, measured from its 2023 base of $3.25B.","Grand View Research","Artificial Intelligence In HR Market Size & Share Report, 2030","https://www.grandviewresearch.com/industry-analysis/artificial-intelligence-hr-market-report","","[{""id"":""grand-view-research-ai-hr"",""publisher"":""Grand View Research"",""title"":""Artificial Intelligence In HR Market Size & Share Report, 2030"",""url"":""https://www.grandviewresearch.com/industry-analysis/artificial-intelligence-hr-market-report""}]","https://airecruiter.co/blog/ai-hiring-liability-mobley-workday-2026",""
"hr-leaders-planning-to-deploy-agentic-ai","HR leaders planning to deploy agentic AI in HR","82","%","82%","May 2026 (planned)","AI in Hiring","reported","A steep forward indicator of agentic AI adoption in HR that makes vendor-side liability systemic.","Gartner","Gartner Says AI Revolution and Cost Pressures Are Two Forces Driving the Top Four Trends for Talent Acquisition in 2026","https://www.gartner.com/en/newsroom/press-releases/2025-10-07-gartner-says-ai-revolution-and-cost-pressures-are-two-forces-driving-the-top-four-trends-for-talent-acquisition-in-2026","2025","[{""id"":""gartner-ldpj8"",""publisher"":""Gartner"",""title"":""Gartner Says AI Revolution and Cost Pressures Are Two Forces Driving the Top Four Trends for Talent Acquisition in 2026"",""url"":""https://www.gartner.com/en/newsroom/press-releases/2025-10-07-gartner-says-ai-revolution-and-cost-pressures-are-two-forces-driving-the-top-four-trends-for-talent-acquisition-in-2026"",""year"":""2025""}]","https://airecruiter.co/blog/ai-hiring-liability-mobley-workday-2026",""
"audited-ai-systems-clearing-four-fifths-","Audited AI systems clearing four-fifths impact ratio","85","%","85%","May 2026","AI in Hiring","reported","Vendor self-reported audit data: most audited AI systems clear the 0.8 four-fifths threshold, but 15% fail at least one demographic test.","Warden AI","AI Bias in Hiring: What 150+ Bias Audits Reveal","https://www.warden-ai.com/resources/bias-audits-hiring","2026","[{""id"":""warden-ai-ucqpl"",""publisher"":""Warden AI"",""title"":""AI Bias in Hiring: What 150+ Bias Audits Reveal"",""url"":""https://www.warden-ai.com/resources/bias-audits-hiring"",""year"":""2026""}]","https://airecruiter.co/blog/ai-hiring-liability-mobley-workday-2026","15% failed at least one demographic threshold"
"hr-tech-vendors-with-independent-third-p","HR-tech vendors with independent third-party audit","45","%","45%","May 2026","AI in Hiring","reported","Independent, court-defensible auditing is the exception; internal testing is far more common than the audit trail a court will demand.","Warden AI","AI Bias in Hiring: What 150+ Bias Audits Reveal","https://www.warden-ai.com/resources/bias-audits-hiring","2026","[{""id"":""warden-ai-ucqpl"",""publisher"":""Warden AI"",""title"":""AI Bias in Hiring: What 150+ Bias Audits Reveal"",""url"":""https://www.warden-ai.com/resources/bias-audits-hiring"",""year"":""2026""}]","https://airecruiter.co/blog/ai-hiring-liability-mobley-workday-2026","just 20% meet all four responsible-AI practices"
"bias-audits-that-test-for-age-discrimina","Bias audits that test for age discrimination","5","%","5%","May 2026","AI in Hiring","reported","Age, the protected class litigated in Mobley, is tested in only 5% of audits, the exact gap plaintiffs exploit.","Warden AI","AI Bias in Hiring: What 150+ Bias Audits Reveal","https://www.warden-ai.com/resources/bias-audits-hiring","2026","[{""id"":""warden-ai-ucqpl"",""publisher"":""Warden AI"",""title"":""AI Bias in Hiring: What 150+ Bias Audits Reveal"",""url"":""https://www.warden-ai.com/resources/bias-audits-hiring"",""year"":""2026""}]","https://airecruiter.co/blog/ai-hiring-liability-mobley-workday-2026","vs 100% coverage for sex and race/ethnicity"
"ai-models-favoring-white-associated-name","AI models favoring white-associated names","85","%","85%","2024","AI in Hiring","verified","University of Washington study of over 3 million resume-job comparisons found leading text-embedding models favored white-associated names 85% of the time.","University of Washington","UW research finds racial and gender bias in AI tools ranking job applicants' names","https://www.washington.edu/populationhealth/2024/12/12/uw-research-finds-racial-and-gender-bias-in-ai-tools-ranking-job-applicants-names","2024","[{""id"":""university-of-washington-1r4hd"",""publisher"":""University of Washington"",""title"":""UW research finds racial and gender bias in AI tools ranking job applicants' names"",""url"":""https://www.washington.edu/populationhealth/2024/12/12/uw-research-finds-racial-and-gender-bias-in-ai-tools-ranking-job-applicants-names"",""year"":""2024""}]","https://airecruiter.co/blog/ai-hiring-liability-mobley-workday-2026","female-associated names favored only 11% of the time"
"eu-ai-act-max-fine-share-of-global-turno","EU AI Act max fine, share of global turnover","7","%","7%","2026","AI in Hiring","reported","The most serious EU AI Act violations carry a ceiling of 7% of global annual turnover, or EUR 35 million, whichever is higher.","EU AI Act explorer (Future of Life Institute)","EU AI Act, Article 99: Penalties (Regulation (EU) 2024/1689)","https://artificialintelligenceact.eu/article/99/","2024","[{""id"":""eu-ai-act-article-99-penalties"",""publisher"":""EU AI Act explorer (Future of Life Institute)"",""title"":""EU AI Act, Article 99: Penalties (Regulation (EU) 2024/1689)"",""url"":""https://artificialintelligenceact.eu/article/99/"",""year"":""2024""}]","https://airecruiter.co/blog/ai-hiring-liability-mobley-workday-2026","Or EUR 35 million, whichever is higher."
"itutorgroup-eeoc-ai-discrimination-settl","iTutorGroup EEOC AI-discrimination settlement","365000","$","$365,000","September 2023","Candidate Trust","verified","The first EEOC AI-discrimination settlement, after software was programmed to auto-reject female applicants 55+ and male applicants 60+.","EEOC","iTutorGroup to Pay $365,000 to Settle EEOC Discriminatory Hiring Suit","https://www.eeoc.gov/newsroom/itutorgroup-pay-365000-settle-eeoc-discriminatory-hiring-suit","2023","[{""id"":""eeoc-i4xt5"",""publisher"":""EEOC"",""title"":""iTutorGroup to Pay $365,000 to Settle EEOC Discriminatory Hiring Suit"",""url"":""https://www.eeoc.gov/newsroom/itutorgroup-pay-365000-settle-eeoc-discriminatory-hiring-suit"",""year"":""2023""}]","https://airecruiter.co/blog/ai-hiring-liability-mobley-workday-2026",""
"saferent-tenant-screening-algorithm-sett","SafeRent tenant-screening algorithm settlement","2","$M","$2M","2024","Candidate Trust","verified","SafeRent settled a tenant-screening disparate-impact case for over $2 million, the structural template the hiring bar watches for algorithmic scoring claims.","Quinn Emanuel","When Machines Discriminate: The Rise of AI Bias Lawsuits","https://www.quinnemanuel.com/the-firm/publications/when-machines-discriminate-the-rise-of-ai-bias-lawsuits","2024","[{""id"":""quinn-emanuel-6v4fd"",""publisher"":""Quinn Emanuel"",""title"":""When Machines Discriminate: The Rise of AI Bias Lawsuits"",""url"":""https://www.quinnemanuel.com/the-firm/publications/when-machines-discriminate-the-rise-of-ai-bias-lawsuits"",""year"":""2024""}]","https://airecruiter.co/blog/ai-hiring-liability-mobley-workday-2026",""
"warden-ai-seed-round-on-mobley-driven-au","Warden AI total funding on Mobley-driven audit demand","1.6","$M","$1.6M","July 2025","Recruiting Tech Market","reported","The bias-assurance layer is monetizing the exact liability the Mobley litigation created; Warden raised on surging independent-audit demand.","Tech Funding News","Warden AI funding HR AI compliance Workday lawsuit","https://techfundingnews.com/warden-ai-funding-hr-ai-compliance-workday-lawsuit","2025","[{""id"":""tech-funding-news-ha9xq"",""publisher"":""Tech Funding News"",""title"":""Warden AI funding HR AI compliance Workday lawsuit"",""url"":""https://techfundingnews.com/warden-ai-funding-hr-ai-compliance-workday-lawsuit"",""year"":""2025""}]","https://airecruiter.co/blog/ai-hiring-liability-mobley-workday-2026","total funding to date, at a $10M valuation"
"workday-fy2026-operating-cash-flow","Workday FY2026 operating cash flow","2.939","$B","$2.939B","FY2026 (ended Jan 31, 2026)","Recruiting Tech Market","verified","Workday's audited balance sheet shows it can fund a multi-year Mobley defense, but also makes it the deepest-pocketed defendant the employment-AI bar has ever had.","SEC","Workday Form 8-K (Exhibit 99.1)","https://www.sec.gov/Archives/edgar/data/0001327811/000132781126000010/wday-01312026x991.htm","2026","[{""id"":""sec-1lvp2"",""publisher"":""SEC"",""title"":""Workday Form 8-K (Exhibit 99.1)"",""url"":""https://www.sec.gov/Archives/edgar/data/0001327811/000132781126000010/wday-01312026x991.htm"",""year"":""2026""}]","https://airecruiter.co/blog/ai-hiring-liability-mobley-workday-2026","up 19.4% year over year"
"minutes-to-build-a-live-interview-deepfa","Minutes to build a live-interview deepfake","70","","70","2026","Candidate Trust","verified","A Palo Alto Networks Unit 42 researcher with no image-manipulation experience built a real-time deepfake synthetic identity able to pass a live video interview in 70 minutes, on a five-year-old consumer GPU with free tools.","Unit 42","North Korean Synthetic Identity Creation","https://unit42.paloaltonetworks.com/north-korean-synthetic-identity-creation","","[{""id"":""unit-42-11sql"",""publisher"":""Unit 42"",""title"":""North Korean Synthetic Identity Creation"",""url"":""https://unit42.paloaltonetworks.com/north-korean-synthetic-identity-creation""}]","https://airecruiter.co/blog/hiring-fraud-deepfake-verification-stack-2026","70 minutes, no experience, free tools, five-year-old GPU"
"managers-who-confirmed-a-proxy-in-a-virt","Managers who confirmed a proxy in a virtual interview","35","%","35%","2025","Candidate Trust","reported","In Checkr's survey of 3,000 managers, more than a third confirmed someone other than the applicant took part in a virtual interview, a direct measure of the proxy problem.","Checkr","The Hiring Hoax: What 3,000 Managers Revealed about Hiring Fraud","https://checkr.com/resources/articles/hiring-hoax-manager-survey-2025","","[{""id"":""checkr-1b467"",""publisher"":""Checkr"",""title"":""The Hiring Hoax: What 3,000 Managers Revealed about Hiring Fraud"",""url"":""https://checkr.com/resources/articles/hiring-hoax-manager-survey-2025""}]","https://airecruiter.co/blog/hiring-fraud-deepfake-verification-stack-2026","31% interviewed a fake identity; 23% lost >$50K"
"managers-who-say-job-seekers-now-out-fak","Managers who say job seekers now out-fake HR's detection","62","%","62%","2025","Candidate Trust","reported","The confidence gap is the core selling point of the whole verification category: managers believe candidates are better at faking than HR is at catching, and only 19% were extremely confident they could catch a fraud.","Checkr","The Hiring Hoax: What 3,000 Managers Revealed about Hiring Fraud","https://checkr.com/resources/articles/hiring-hoax-manager-survey-2025","","[{""id"":""checkr-1b467"",""publisher"":""Checkr"",""title"":""The Hiring Hoax: What 3,000 Managers Revealed about Hiring Fraud"",""url"":""https://checkr.com/resources/articles/hiring-hoax-manager-survey-2025""}]","https://airecruiter.co/blog/hiring-fraud-deepfake-verification-stack-2026","vs only 19% extremely confident they could catch it"
"hiring-managers-who-encountered-suspecte","Recruiters who spotted candidate deception","91","%","91%","2025","Candidate Trust","reported","A 2025 Greenhouse survey found 91% of recruiters have spotted candidate deception of some kind, while 65% of hiring managers have caught applicants using AI deceptively (scripts, prompt injections, deepfakes).","Greenhouse","An AI Trust Crisis: 70% of Hiring Managers Trust AI, Only 8% of Job Seekers Call It Fair","https://www.greenhouse.com/newsroom/an-ai-trust-crisis-70-of-hiring-managers-trust-ai-to-make-faster-and-better-hiring-decisions-only-8-of-job-seekers-call-it-fair","","[{""id"":""greenhouse-thiwf"",""publisher"":""Greenhouse"",""title"":""An AI Trust Crisis: 70% of Hiring Managers Trust AI, Only 8% of Job Seekers Call It Fair"",""url"":""https://www.greenhouse.com/newsroom/an-ai-trust-crisis-70-of-hiring-managers-trust-ai-to-make-faster-and-better-hiring-decisions-only-8-of-job-seekers-call-it-fair""}]","https://airecruiter.co/blog/hiring-fraud-deepfake-verification-stack-2026",""
"enterprises-rating-identity-verification","Enterprises rating identity verification unreliable in isolation","30","%","30%","2026 (projected)","Candidate Trust","modeled","Gartner's projection quantifies the detection gap: by 2026 nearly a third of enterprises no longer trust identity verification on its own against AI-generated deepfakes, forcing layered defenses.","Gartner","Gartner Predicts 30% of Enterprises Will Consider Identity Verification Solutions Unreliable in Isolation Due to Deepfakes by 2026","https://www.gartner.com/en/newsroom/press-releases/2024-02-01-gartner-predicts-30-percent-of-enterprises-will-consider-identity-verification-and-authentication-solutions-unreliable-in-isolation-due-to-deepfakes-by-2026","","[{""id"":""gartner-19pet"",""publisher"":""Gartner"",""title"":""Gartner Predicts 30% of Enterprises Will Consider Identity Verification Solutions Unreliable in Isolation Due to Deepfakes by 2026"",""url"":""https://www.gartner.com/en/newsroom/press-releases/2024-02-01-gartner-predicts-30-percent-of-enterprises-will-consider-identity-verification-and-authentication-solutions-unreliable-in-isolation-due-to-deepfakes-by-2026""}]","https://airecruiter.co/blog/hiring-fraud-deepfake-verification-stack-2026",""
"rise-in-biometric-injection-attacks-in-2","Rise in biometric injection attacks in 2023","200","%","200%","2023","Candidate Trust","reported","Injection attacks feed a synthetic stream straight into the verifier with no camera, defeating naive liveness checks, which is why presentation-attack detection alone is no longer sufficient.","Gartner","Gartner Predicts 30% of Enterprises Will Consider Identity Verification Solutions Unreliable in Isolation Due to Deepfakes by 2026","https://www.gartner.com/en/newsroom/press-releases/2024-02-01-gartner-predicts-30-percent-of-enterprises-will-consider-identity-verification-and-authentication-solutions-unreliable-in-isolation-due-to-deepfakes-by-2026","","[{""id"":""gartner-19pet"",""publisher"":""Gartner"",""title"":""Gartner Predicts 30% of Enterprises Will Consider Identity Verification Solutions Unreliable in Isolation Due to Deepfakes by 2026"",""url"":""https://www.gartner.com/en/newsroom/press-releases/2024-02-01-gartner-predicts-30-percent-of-enterprises-will-consider-identity-verification-and-authentication-solutions-unreliable-in-isolation-due-to-deepfakes-by-2026""}]","https://airecruiter.co/blog/hiring-fraud-deepfake-verification-stack-2026",""
"us-job-scam-losses-reported-to-the-ftc-i","US job-scam losses reported to the FTC in 2024","501","$M","$501M","2024","Candidate Trust","verified","The hardest, most auditable fraud number in the space: regulator-measured job-scam losses more than quintupled from $90M in 2020 as report volume tripled.","FTC","New FTC Data Show a Big Jump in Reported Losses to Fraud in 2024","https://www.ftc.gov/news-events/news/press-releases/2025/03/new-ftc-data-show-big-jump-reported-losses-fraud-125-billion-2024","","[{""id"":""ftc-9adyi"",""publisher"":""FTC"",""title"":""New FTC Data Show a Big Jump in Reported Losses to Fraud in 2024"",""url"":""https://www.ftc.gov/news-events/news/press-releases/2025/03/new-ftc-data-show-big-jump-reported-losses-fraud-125-billion-2024""}]","https://airecruiter.co/blog/hiring-fraud-deepfake-verification-stack-2026","up from $90M in 2020"
"fake-linkedin-accounts-removed-at-regist","Fake LinkedIn accounts removed at registration in 2H 2024","80.6","M","80.6M","H2 2024","Candidate Trust","reported","The synthetic-identity supply sitting upstream of every sourcing tool: LinkedIn caught tens of millions of fakes at the door in a single half-year, up from 70.1M prior.","LinkedIn","LinkedIn Community Report","https://about.linkedin.com/transparency/community-report","","[{""id"":""linkedin-rdf75"",""publisher"":""LinkedIn"",""title"":""LinkedIn Community Report"",""url"":""https://about.linkedin.com/transparency/community-report""}]","https://airecruiter.co/blog/hiring-fraud-deepfake-verification-stack-2026","up from 70.1M in the prior six months"
"us-companies-infiltrated-in-a-single-dpr","US companies infiltrated in a single DPRK laptop-farm case","300","","300","2025","Candidate Trust","verified","The Christina Marie Chapman case proved the fraud runs at industrial scale from US soil: a laptop farm placed DPRK workers at 300+ companies for $17M in illicit revenue.","DOJ","Arizona Woman Sentenced in $17M IT Worker Fraud Scheme That Illegally Generated Revenue for North Korea","https://www.justice.gov/usao-dc/pr/arizona-woman-sentenced-17m-it-worker-fraud-scheme-illegally-generated-revenue-north","","[{""id"":""doj-1blh8"",""publisher"":""DOJ"",""title"":""Arizona Woman Sentenced in $17M IT Worker Fraud Scheme That Illegally Generated Revenue for North Korea"",""url"":""https://www.justice.gov/usao-dc/pr/arizona-woman-sentenced-17m-it-worker-fraud-scheme-illegally-generated-revenue-north""}]","https://airecruiter.co/blog/hiring-fraud-deepfake-verification-stack-2026","over $17M in illicit DPRK revenue; 102-month sentence"
"state-backed-attacks-on-tech-sector-tied","State-backed attacks on tech sector tied to North Korea","47","%","47%","Apr 2025-May 2026","Candidate Trust","reported","CrowdStrike attributed nearly half of all state-backed activity against the tech sector to North Korea-linked actors, tying the hiring-fraud pipeline directly to the broader cyber-threat picture.","TechCrunch","North Koreans behind nearly half of US tech industry hacks, says CrowdStrike","https://techcrunch.com/2026/06/10/north-koreans-behind-nearly-half-of-us-tech-industry-hacks-says-crowdstrike","","[{""id"":""techcrunch-wzk5f"",""publisher"":""TechCrunch"",""title"":""North Koreans behind nearly half of US tech industry hacks, says CrowdStrike"",""url"":""https://techcrunch.com/2026/06/10/north-koreans-behind-nearly-half-of-us-tech-industry-hacks-says-crowdstrike""}]","https://airecruiter.co/blog/hiring-fraud-deepfake-verification-stack-2026",""
"amazon-job-applications-blocked-as-suspe","Amazon job applications blocked as suspected DPRK-origin","1800","","1,800","Apr 2024-Dec 2025","Candidate Trust","reported","The defensive front is now quantified: Amazon blocked over 1,800 suspected North Korean applications, with the attack volume still growing ~27% per quarter (roughly a tripling per year).","The Register","Amazon blocked fake DPRK workers","https://www.theregister.com/2025/12/18/amazon_blocked_fake_dprk_workers","","[{""id"":""the-register-p6skk"",""publisher"":""The Register"",""title"":""Amazon blocked fake DPRK workers"",""url"":""https://www.theregister.com/2025/12/18/amazon_blocked_fake_dprk_workers""}]","https://airecruiter.co/blog/hiring-fraud-deepfake-verification-stack-2026","applications growing ~27% per quarter"
"largest-single-crypto-theft-executed-via","Largest single crypto theft, executed via a compromised hire","1.46","$B","$1.46B","2026","Candidate Trust","reported","The nightmare endpoint of the hiring-fraud kill chain: the record Bybit heist began by compromising a third-party developer's laptop and credentials.","Fortune","North Korea IT workers stealing billions; financial firms next target, CrowdStrike","https://fortune.com/2026/05/14/north-korea-it-workers-stealing-billions-financial-firms-next-target-crowdstrike","","[{""id"":""fortune-1jz0w"",""publisher"":""Fortune"",""title"":""North Korea IT workers stealing billions; financial firms next target, CrowdStrike"",""url"":""https://fortune.com/2026/05/14/north-korea-it-workers-stealing-billions-financial-firms-next-target-crowdstrike""}]","https://airecruiter.co/blog/hiring-fraud-deepfake-verification-stack-2026",""
"organizations-that-experienced-a-deepfak","Organizations that experienced a deepfake incident in prior year","95","%","95%","2026","Candidate Trust","reported","HYPR's report shows even organizations with defenses are getting hit: near-universal deepfake exposure and nearly 40% suffering a GenAI-related breach.","HYPR","HR Interview & Onboarding Fraud Guide","https://www.hypr.com/blog/hr-interview-onboarding-fraud-guide","","[{""id"":""hypr-1i4kc"",""publisher"":""HYPR"",""title"":""HR Interview & Onboarding Fraud Guide"",""url"":""https://www.hypr.com/blog/hr-interview-onboarding-fraud-guide""}]","https://airecruiter.co/blog/hiring-fraud-deepfake-verification-stack-2026","nearly 40% had a GenAI-related breach"
"employee-onboarding-identity-verificatio","Employee-onboarding identity verification market by 2031","6.01","$B","$6.01B","2031 (projected)","Recruiting Tech Market","modeled","The hiring-specific verification segment is the fast-growing edge of the category, projected to grow at 16.67% CAGR from $2.78B in 2026, faster than the overall IDV market's 11.18%.","Mordor Intelligence","Identity Verification for Employee Onboarding Market","https://www.mordorintelligence.com/industry-reports/identity-verification-for-employee-onboarding-market","","[{""id"":""mordor-intelligence-mdkl7"",""publisher"":""Mordor Intelligence"",""title"":""Identity Verification for Employee Onboarding Market"",""url"":""https://www.mordorintelligence.com/industry-reports/identity-verification-for-employee-onboarding-market""}]","https://airecruiter.co/blog/hiring-fraud-deepfake-verification-stack-2026","16.67% CAGR from $2.78B in 2026"
"deepfake-vendor-s-fraud-find-rate-in-fla","Deepfake vendor's fraud find rate in flagged interview sessions","30","%","30%","2026","Candidate Trust","reported","A vendor self-report to treat as suggestive, not authoritative: InCruiter found fraud in 25-30% of already-flagged sessions (not all interviews), which it said was nearly double what human interviewers caught.","SMEStreet","InCruiter Identifies AI Deepfake in Recruitment Process","https://smestreet.in/technology/incruiter-identifies-ai-deepfake-in-recruitment-process-11258759","","[{""id"":""smestreet-i3bof"",""publisher"":""SMEStreet"",""title"":""InCruiter Identifies AI Deepfake in Recruitment Process"",""url"":""https://smestreet.in/technology/incruiter-identifies-ai-deepfake-in-recruitment-process-11258759""}]","https://airecruiter.co/blog/hiring-fraud-deepfake-verification-stack-2026","denominator is flagged sessions, not all interviews"
"cost-per-hire-reduction-from-ai-in-recru","Cost-per-hire reduction from AI in recruiting","30","%","30%","2026","People Analytics","reported","The average return organizations actually get, alongside about 31% faster hiring, well below the up-to-70% ceiling vendors advertise, though these figures are widely cited but lack a confirmable primary study.","InCruiter","AI in Recruitment 2026: Trends, Stats, What Works","https://incruiter.com/blog/ai-in-recruitment-2026-trends-stats-what-works/","2026","[{""id"":""incruiter-12b60"",""publisher"":""InCruiter"",""title"":""AI in Recruitment 2026: Trends, Stats, What Works"",""url"":""https://incruiter.com/blog/ai-in-recruitment-2026-trends-stats-what-works/"",""year"":""2026""}]","https://airecruiter.co/blog/agentic-ai-recruiters-2026",""
"job-seekers-ghosted-by-employers","Job seekers ghosted by employers","53","%","53%","2026","Candidate Trust","reported","A three-year high in candidate ghosting that rises as high-volume automated outreach degrades the experience and corrupts the pipeline agents were meant to build.","Fortune","Job seekers ghosted by employers hit three-year high","https://fortune.com/2026/03/20/job-seekers-arent-imagining-things-candidates-ghosted-by-employers-hit-three-year-high/","2026","[{""id"":""fortune-1etrb"",""publisher"":""Fortune"",""title"":""Job seekers ghosted by employers hit three-year high"",""url"":""https://fortune.com/2026/03/20/job-seekers-arent-imagining-things-candidates-ghosted-by-employers-hit-three-year-high/"",""year"":""2026""}]","https://airecruiter.co/blog/agentic-ai-recruiters-2026","Up from 48% in 2025 and 38% in 2024"
"agentic-ai-projects-gartner-expects-to-b","Agentic-AI projects Gartner expects to be canceled by 2027","40","%","40%","2027","Recruiting Tech Market","modeled","A projection driven by escalating costs, unclear business value, and inadequate risk controls, a warning about deployment discipline rather than a verdict on the technology.","Gartner","Gartner Predicts Over 40% of Agentic AI Projects Will Be Canceled by End of 2027","https://www.gartner.com/en/newsroom/press-releases/2025-06-25-gartner-predicts-over-40-percent-of-agentic-ai-projects-will-be-canceled-by-end-of-2027","2025","[{""id"":""gartner-110bh"",""publisher"":""Gartner"",""title"":""Gartner Predicts Over 40% of Agentic AI Projects Will Be Canceled by End of 2027"",""url"":""https://www.gartner.com/en/newsroom/press-releases/2025-06-25-gartner-predicts-over-40-percent-of-agentic-ai-projects-will-be-canceled-by-end-of-2027"",""year"":""2025""}]","https://airecruiter.co/blog/agentic-ai-recruiters-2026",""
"eu-member-states-with-pay-transparency-l","EU member states with pay-transparency law in force","4","","4","2026","Recruiting Tech Market","reported","Only 4 of 27 EU states (Slovakia, Italy, Lithuania, Malta) had complete transposition law on the 7 June 2026 deadline, making compliance a staggered multi-year calendar for cross-border employers.","Trusaic","EU Pay Transparency Directive Member State Transposition Monitor","https://trusaic.com/resources/resources-eu-pay-transparency-directive-member-state-transposition-monitor/","2026","[{""id"":""trusaic-kfutq"",""publisher"":""Trusaic"",""title"":""EU Pay Transparency Directive Member State Transposition Monitor"",""url"":""https://trusaic.com/resources/resources-eu-pay-transparency-directive-member-state-transposition-monitor/"",""year"":""2026""}]","https://airecruiter.co/blog/eu-pay-transparency-2026","23 of 27 states missed the deadline, including Germany and France"
"eu-unadjusted-gender-pay-gap","EU unadjusted gender pay gap","11.1","%","11.1%","2024","People Analytics","verified","The stubborn, near-flat gender pay gap the directive's reporting engine and 5% joint-assessment trigger exist to shrink.","Eurostat","Gender pay gap statistics","https://ec.europa.eu/eurostat/statistics-explained/index.php?title=Gender_pay_gap_statistics","2024","[{""id"":""eurostat-1iszt"",""publisher"":""Eurostat"",""title"":""Gender pay gap statistics"",""url"":""https://ec.europa.eu/eurostat/statistics-explained/index.php?title=Gender_pay_gap_statistics"",""year"":""2024""}]","https://airecruiter.co/blog/eu-pay-transparency-2026","Down from 14.4% in 2018 and 12.7% in 2021"
"germany-job-postings-with-salary-informa","Germany job postings with salary information","12","%","12%","March 2026","Talent Supply","reported","The EU's largest economy trails badly on disclosure while the non-EU UK leads at about 56%, showing behavior tracks culture and enforcement more than the letter of the law.","Indeed Hiring Lab","Full salary transparency in Europe is still a distant prospect","https://www.hiringlab.org/uk/blog/2026/05/07/full-salary-transparency-in-europe-is-still-a-distant-prospect/","2026","[{""id"":""indeed-hiring-lab-r6215"",""publisher"":""Indeed Hiring Lab"",""title"":""Full salary transparency in Europe is still a distant prospect"",""url"":""https://www.hiringlab.org/uk/blog/2026/05/07/full-salary-transparency-in-europe-is-still-a-distant-prospect/"",""year"":""2026""}]","https://airecruiter.co/blog/eu-pay-transparency-2026",""
"us-employers-prepared-for-pay-transparen","US employers prepared for pay-transparency compliance","54","%","54%","2025","People Analytics","reported","Even after years of state pay-transparency laws only about half of US employers felt ready, signaling European employers entering the same multi-quarter readiness lag.","Mercer","Only half of US employers are prepared to meet pay-transparency compliance guidelines","https://www.mercer.com/en-us/about/newsroom/only-half-of-us-employers-are-prepared-to-meet-pay-transparency-compliance-guidelines/","2025","[{""id"":""mercer-1jyzl"",""publisher"":""Mercer"",""title"":""Only half of US employers are prepared to meet pay-transparency compliance guidelines"",""url"":""https://www.mercer.com/en-us/about/newsroom/only-half-of-us-employers-are-prepared-to-meet-pay-transparency-compliance-guidelines/"",""year"":""2025""}]","https://airecruiter.co/blog/eu-pay-transparency-2026","Up from 39% in 2024"
"employers-expected-to-disclose-pay-range","Employers expected to disclose pay ranges in postings","94","%","94%","2026","Recruiting Tech Market","modeled","Mercer's global survey of 1,600-plus respondents projects near-universal range disclosure by end of 2026, a statement of employer intent that runs well ahead of measured behavior.","Mercer","As pay transparency regulations come into force globally, only half of employers say they are prepared","https://www.mercer.com/about/newsroom/as-pay-transparency-regulations-come-into-force-globally-only-half-of-employers-say-they-are-prepared-according-to-mercer/","2026","[{""id"":""mercer-1ujdm"",""publisher"":""Mercer"",""title"":""As pay transparency regulations come into force globally, only half of employers say they are prepared"",""url"":""https://www.mercer.com/about/newsroom/as-pay-transparency-regulations-come-into-force-globally-only-half-of-employers-say-they-are-prepared-according-to-mercer/"",""year"":""2026""}]","https://airecruiter.co/blog/eu-pay-transparency-2026","Projected rise from 60% in 2024"
"hires-actually-affected-by-dropped-degre","Hires actually affected by dropped degree rules","0.14","%","0.14%","2023","Skills & Mobility","verified","Fewer than 1 in 700 hires (about 97,000 of 77 million) were affected despite widespread degree-drop announcements, exposing the gap between claimed and real skills-based hiring.","The Burning Glass Institute and Harvard Business School","Skills-Based Hiring","https://www.burningglassinstitute.org/research/skills-based-hiring-2024","2024","[{""id"":""the-burning-glass-institute-and-harvard-16pe5"",""publisher"":""The Burning Glass Institute and Harvard Business School"",""title"":""Skills-Based Hiring"",""url"":""https://www.burningglassinstitute.org/research/skills-based-hiring-2024"",""year"":""2024""}]","https://airecruiter.co/blog/skills-based-hiring-2026","About 97,000 of 77 million annual hires"
"companies-that-genuinely-followed-throug","Companies that genuinely followed through (leaders)","37","%","37%","2024","Skills & Mobility","verified","The real operating rate of skills-based hiring: 37 percent of announcers followed through while 45 percent changed nothing and 18 percent backslid, versus a 70 to 85 percent announcement rate.","The Burning Glass Institute and Harvard Business School","Skills-Based Hiring","https://www.burningglassinstitute.org/research/skills-based-hiring-2024","2024","[{""id"":""the-burning-glass-institute-and-harvard-16pe5"",""publisher"":""The Burning Glass Institute and Harvard Business School"",""title"":""Skills-Based Hiring"",""url"":""https://www.burningglassinstitute.org/research/skills-based-hiring-2024"",""year"":""2024""}]","https://airecruiter.co/blog/skills-based-hiring-2026","vs 45% in-name-only and 18% backsliders"
"employers-claiming-skills-based-hiring","Employers claiming skills-based hiring","85","%","85%","2025","Skills & Mobility","reported","Self-reported adoption keeps climbing (NACE puts it tighter at 70 percent), but these are announcement rates, not evidence that hires actually changed.","TestGorilla","State of Skills-Based Hiring 2025","https://www.testgorilla.com/skills-based-hiring/state-of-skills-based-hiring-2025/","2025","[{""id"":""testgorilla-1v8tu"",""publisher"":""TestGorilla"",""title"":""State of Skills-Based Hiring 2025"",""url"":""https://www.testgorilla.com/skills-based-hiring/state-of-skills-based-hiring-2025/"",""year"":""2025""}]","https://airecruiter.co/blog/skills-based-hiring-2026","Up from 81% in 2024; 53% say they eliminated degree requirements"
"proctored-assessments-flagged-for-cheati","Proctored assessments flagged for cheating","35","%","35%","2025","Assessment & Interview","reported","Assessment fraud more than doubled in a single year, reaching 40 percent on entry-level tests and 48 percent in Asia-Pacific, breaking the unproctored take-home as a reliable skill signal.","CodeSignal (PR Newswire)","CodeSignal Detection Systems Identify and Stop Record-High Cheating Attempts","https://www.prnewswire.com/news-releases/codesignal-detection-systems-identify-and-stop-record-high-cheating-attempts-as-assessment-fraud-more-than-doubled-in-2025-302696534.html","2025","[{""id"":""codesignal-pr-newswire-xop1y"",""publisher"":""CodeSignal (PR Newswire)"",""title"":""CodeSignal Detection Systems Identify and Stop Record-High Cheating Attempts"",""url"":""https://www.prnewswire.com/news-releases/codesignal-detection-systems-identify-and-stop-record-high-cheating-attempts-as-assessment-fraud-more-than-doubled-in-2025-302696534.html"",""year"":""2025""}]","https://airecruiter.co/blog/skills-based-hiring-2026","Up from 16% in 2024"
"candidates-who-would-use-ai-if-undetecte","Candidates who would use AI if undetected on assessments","83","%","83%","2025","Assessment & Interview","reported","The overwhelming majority would use AI assistance if they believed employers could not detect it, meaning any unproctored test measures restraint rather than skill.","HackerRank","Stopping AI Cheating in Remote Tech Assessments","https://www.hackerrank.com/writing/stopping-ai-cheating-remote-tech-assessments-2025-playbook-recruiters","2025","[{""id"":""hackerrank-w74te"",""publisher"":""HackerRank"",""title"":""Stopping AI Cheating in Remote Tech Assessments"",""url"":""https://www.hackerrank.com/writing/stopping-ai-cheating-remote-tech-assessments-2025-playbook-recruiters"",""year"":""2025""}]","https://airecruiter.co/blog/skills-based-hiring-2026",""
"structured-interview-predictive-validity","Structured-interview predictive validity","0.51","","0.51","2016 meta-analysis","Assessment & Interview","reported","The selection science recruiting mostly ignored in practice: structured interviews predict job performance at about 0.51, far above unstructured, and the gap between knowing that and enforcing it is the entire reason interview intelligence exists as a category.","University of Baltimore","The Validity and Utility of Selection Methods: 100 Years of Research (Schmidt and Oh)","https://home.ubalt.edu/tmitch/645/session%204/Schmidt%20&%20Oh%20validity%20and%20util%20100%20yrs%20of%20research%20Wk%20PPR%202016.pdf","","[{""id"":""university-of-baltimore-1d28b"",""publisher"":""University of Baltimore"",""title"":""The Validity and Utility of Selection Methods: 100 Years of Research (Schmidt and Oh)"",""url"":""https://home.ubalt.edu/tmitch/645/session%204/Schmidt%20&%20Oh%20validity%20and%20util%20100%20yrs%20of%20research%20Wk%20PPR%202016.pdf""}]","https://airecruiter.co/blog/interview-intelligence-deep-dive-2026","vs ~0.38 unstructured; ~0.63 combined with a general-mental-ability test"
"unstructured-interviews-as-the-default-f","Unstructured-interview predictive validity","0.38","","0.38","2025","Assessment & Interview","reported","Unstructured interviews, still the most common format, predict job performance at a validity of only about 0.38, well below the ~0.51 for structured interviews, which makes structure the strongest lever on interview quality.","Cogn-IQ","Hiring Bias Statistics","https://www.cogn-iq.org/blog/hiring-bias-statistics","","[{""id"":""cogn-iq-bqobw"",""publisher"":""Cogn-IQ"",""title"":""Hiring Bias Statistics"",""url"":""https://www.cogn-iq.org/blog/hiring-bias-statistics""}]","https://airecruiter.co/blog/interview-intelligence-deep-dive-2026","vs ~0.51 for structured interviews"
"interview-transcription-asr-cost-decline","Interview transcription (ASR) cost decline","92","%","92%","2021-2025","Assessment & Interview","reported","The base capability of interview intelligence, transcription, is commoditizing: automatic speech recognition costs fell roughly 92% from 2021 to 2025, collapsing the floor under any product whose value stops at notetaking.","Sacra","Otter Company Profile","https://sacra.com/c/otter","","[{""id"":""sacra-1czrb"",""publisher"":""Sacra"",""title"":""Otter Company Profile"",""url"":""https://sacra.com/c/otter""},{""id"":""tool-directory-dr92i"",""publisher"":""Tool Directory"",""title"":""AI Notetakers 2026: Otter, Fireflies, Granola, Fathom, Read"",""url"":""https://tooldirectory.ai/blog/ai-notetakers-2026-otter-fireflies-granola-fathom-read"",""year"":""2026""}]","https://airecruiter.co/blog/interview-intelligence-deep-dive-2026","from about $0.25 to $0.02 per minute"
"video-interviews-hosted-by-hirevue","Video interviews hosted by HireVue","70","M","70M","2026","Assessment & Interview","reported","The durable moat in interview intelligence is the proprietary, outcome-linked interview corpus. HireVue reports hosting over 70 million video interviews, the accumulated data asset that made it an acquirer rather than a target.","HireVue","AI in Hiring","https://www.hirevue.com/ai-in-hiring","","[{""id"":""hirevue-1n611"",""publisher"":""HireVue"",""title"":""AI in Hiring"",""url"":""https://www.hirevue.com/ai-in-hiring""}]","https://airecruiter.co/blog/interview-intelligence-deep-dive-2026","with 1,000+ validation studies; serves ~60% of the Fortune 100"
"interviews-captured-by-metaview","Interviews captured by Metaview","3","M","3M","2025","Assessment & Interview","reported","The independent's defense against platform consolidation is specificity: Metaview reports capturing over three million interviews as the proprietary, recruiting-specific dataset behind its vertical hiring AI, on a $35M GV-led Series B.","Metaview","Metaview Series B","https://www.metaview.ai/resources/blog/series-b","","[{""id"":""metaview-czxj9"",""publisher"":""Metaview"",""title"":""Metaview Series B"",""url"":""https://www.metaview.ai/resources/blog/series-b""},{""id"":""fortune-3jmsw"",""publisher"":""Fortune"",""title"":""Uber, Palantir Alums Metaview Raise $35M for AI Revolution in Recruitment Hiring"",""url"":""https://fortune.com/2025/06/25/uber-palantir-alums-metaview-raise-35m-ai-revolution-recruitment-hiring""}]","https://airecruiter.co/blog/interview-intelligence-deep-dive-2026","$35M Series B (GV-led, 2025); 2,500+ customers"
